--
-- PostgreSQL database dump
--

-- Dumped from database version 12.9 (Ubuntu 12.9-2.pgdg20.04+1)
-- Dumped by pg_dump version 12.9 (Ubuntu 12.9-2.pgdg20.04+1)

SET statement_timeout = 0;
SET lock_timeout = 0;
SET idle_in_transaction_session_timeout = 0;
SET client_encoding = 'UTF8';
SET standard_conforming_strings = on;
SELECT pg_catalog.set_config('search_path', '', false);
SET check_function_bodies = false;
SET xmloption = content;
SET client_min_messages = warning;
SET row_security = off;

DROP DATABASE universe;
--
-- Name: universe; Type: DATABASE; Schema: -; Owner: freecodecamp
--

CREATE DATABASE universe WITH TEMPLATE = template0 ENCODING = 'UTF8' LC_COLLATE = 'C.UTF-8' LC_CTYPE = 'C.UTF-8';


ALTER DATABASE universe OWNER TO freecodecamp;

\connect universe

SET statement_timeout = 0;
SET lock_timeout = 0;
SET idle_in_transaction_session_timeout = 0;
SET client_encoding = 'UTF8';
SET standard_conforming_strings = on;
SELECT pg_catalog.set_config('search_path', '', false);
SET check_function_bodies = false;
SET xmloption = content;
SET client_min_messages = warning;
SET row_security = off;

SET default_tablespace = '';

SET default_table_access_method = heap;

--
-- Name: galaxy; Type: TABLE; Schema: public; Owner: freecodecamp
--

CREATE TABLE public.galaxy (
    galaxy_id integer NOT NULL,
    has_life boolean,
    description text,
    distance_from_earth numeric,
    age_in_millions_of_years integer,
    name character varying(30) NOT NULL
);


ALTER TABLE public.galaxy OWNER TO freecodecamp;

--
-- Name: meal; Type: TABLE; Schema: public; Owner: freecodecamp
--

CREATE TABLE public.meal (
    meal_id integer NOT NULL,
    name character varying(30) NOT NULL,
    rations integer
);


ALTER TABLE public.meal OWNER TO freecodecamp;

--
-- Name: moon; Type: TABLE; Schema: public; Owner: freecodecamp
--

CREATE TABLE public.moon (
    moon_id integer NOT NULL,
    description text,
    is_spherical boolean,
    name character varying(30) NOT NULL,
    planet_id integer
);


ALTER TABLE public.moon OWNER TO freecodecamp;

--
-- Name: planet; Type: TABLE; Schema: public; Owner: freecodecamp
--

CREATE TABLE public.planet (
    planet_id integer NOT NULL,
    has_life boolean,
    description text,
    name character varying(30) NOT NULL,
    star_id integer
);


ALTER TABLE public.planet OWNER TO freecodecamp;

--
-- Name: star; Type: TABLE; Schema: public; Owner: freecodecamp
--

CREATE TABLE public.star (
    star_id integer NOT NULL,
    has_life boolean,
    description text,
    name character varying(30) NOT NULL,
    galaxy_id integer
);


ALTER TABLE public.star OWNER TO freecodecamp;

--
-- Data for Name: galaxy; Type: TABLE DATA; Schema: public; Owner: freecodecamp
--

INSERT INTO public.galaxy VALUES (1, true, NULL, 38885006, 1234, 'Cachopea');
INSERT INTO public.galaxy VALUES (2, false, NULL, 93333821, 251, 'Thudle');
INSERT INTO public.galaxy VALUES (3, false, NULL, 3570442, 79441, 'Bukam');
INSERT INTO public.galaxy VALUES (4, false, NULL, 40542195, 2694, 'Lagr');
INSERT INTO public.galaxy VALUES (5, true, NULL, 23011568, 855407, 'Leth');
INSERT INTO public.galaxy VALUES (6, false, NULL, 69274829, 64443, 'Russe');


--
-- Data for Name: meal; Type: TABLE DATA; Schema: public; Owner: freecodecamp
--

INSERT INTO public.meal VALUES (1, 'Onigiri', 5);
INSERT INTO public.meal VALUES (2, 'Falafel', 3);
INSERT INTO public.meal VALUES (3, 'Ramen', 1);


--
-- Data for Name: moon; Type: TABLE DATA; Schema: public; Owner: freecodecamp
--

INSERT INTO public.moon VALUES (1, NULL, NULL, 'Sainte', 1);
INSERT INTO public.moon VALUES (2, NULL, NULL, 'Devote', 1);
INSERT INTO public.moon VALUES (3, NULL, NULL, 'Beau', 1);
INSERT INTO public.moon VALUES (4, NULL, NULL, 'Rivage', 2);
INSERT INTO public.moon VALUES (5, NULL, NULL, 'Massenet', 2);
INSERT INTO public.moon VALUES (6, NULL, NULL, 'Casino', 3);
INSERT INTO public.moon VALUES (7, NULL, NULL, 'Mirabeau Haute', 3);
INSERT INTO public.moon VALUES (8, NULL, NULL, 'Hairpin', 3);
INSERT INTO public.moon VALUES (9, NULL, NULL, 'Mirabeau Bas', 3);
INSERT INTO public.moon VALUES (10, NULL, NULL, 'Portier', 4);
INSERT INTO public.moon VALUES (11, NULL, NULL, 'Rettifilio', 5);
INSERT INTO public.moon VALUES (12, NULL, NULL, 'Grande', 5);
INSERT INTO public.moon VALUES (13, NULL, NULL, 'Roggia', 7);
INSERT INTO public.moon VALUES (14, NULL, NULL, 'Lesmo', 7);
INSERT INTO public.moon VALUES (15, NULL, NULL, 'DiLesmo', 7);
INSERT INTO public.moon VALUES (16, NULL, NULL, 'Serraglio', 8);
INSERT INTO public.moon VALUES (17, NULL, NULL, 'Ascari', 9);
INSERT INTO public.moon VALUES (18, NULL, NULL, 'Parabolica', 9);
INSERT INTO public.moon VALUES (19, NULL, NULL, 'Leclerc', 11);
INSERT INTO public.moon VALUES (20, NULL, NULL, 'Tifossi', 12);


--
-- Data for Name: planet; Type: TABLE DATA; Schema: public; Owner: freecodecamp
--

INSERT INTO public.planet VALUES (1, true, NULL, 'Alexa', 1);
INSERT INTO public.planet VALUES (2, true, NULL, 'Cox', 1);
INSERT INTO public.planet VALUES (3, false, NULL, 'Abbey', 2);
INSERT INTO public.planet VALUES (4, false, NULL, 'Farm', 2);
INSERT INTO public.planet VALUES (5, false, NULL, 'Village', 3);
INSERT INTO public.planet VALUES (6, false, NULL, 'Brooklands', 3);
INSERT INTO public.planet VALUES (7, false, NULL, 'Luffield', 4);
INSERT INTO public.planet VALUES (8, false, NULL, 'Woodcote', 4);
INSERT INTO public.planet VALUES (9, false, NULL, 'Copse', 5);
INSERT INTO public.planet VALUES (10, true, NULL, 'Maggotts', 5);
INSERT INTO public.planet VALUES (11, false, NULL, 'Becketts', 6);
INSERT INTO public.planet VALUES (12, false, NULL, 'Chapel', 6);


--
-- Data for Name: star; Type: TABLE DATA; Schema: public; Owner: freecodecamp
--

INSERT INTO public.star VALUES (1, true, NULL, 'Clat', 1);
INSERT INTO public.star VALUES (2, false, NULL, 'Hussa', 2);
INSERT INTO public.star VALUES (3, false, NULL, 'Etha', 3);
INSERT INTO public.star VALUES (4, false, NULL, 'Tray', 4);
INSERT INTO public.star VALUES (5, true, NULL, 'Perry', 5);
INSERT INTO public.star VALUES (6, false, NULL, 'Nray', 6);


--
-- Name: galaxy galaxy_name_key; Type: CONSTRAINT; Schema: public; Owner: freecodecamp
--

ALTER TABLE ONLY public.galaxy
    ADD CONSTRAINT galaxy_name_key UNIQUE (name);


--
-- Name: galaxy galaxy_pkey; Type: CONSTRAINT; Schema: public; Owner: freecodecamp
--

ALTER TABLE ONLY public.galaxy
    ADD CONSTRAINT galaxy_pkey PRIMARY KEY (galaxy_id);


--
-- Name: meal meals_name_key; Type: CONSTRAINT; Schema: public; Owner: freecodecamp
--

ALTER TABLE ONLY public.meal
    ADD CONSTRAINT meals_name_key UNIQUE (name);


--
-- Name: meal meals_pkey; Type: CONSTRAINT; Schema: public; Owner: freecodecamp
--

ALTER TABLE ONLY public.meal
    ADD CONSTRAINT meals_pkey PRIMARY KEY (meal_id);


--
-- Name: moon moon_name_key; Type: CONSTRAINT; Schema: public; Owner: freecodecamp
--

ALTER TABLE ONLY public.moon
    ADD CONSTRAINT moon_name_key UNIQUE (name);


--
-- Name: moon moon_pkey; Type: CONSTRAINT; Schema: public; Owner: freecodecamp
--

ALTER TABLE ONLY public.moon
    ADD CONSTRAINT moon_pkey PRIMARY KEY (moon_id);


--
-- Name: planet planet_name_key; Type: CONSTRAINT; Schema: public; Owner: freecodecamp
--

ALTER TABLE ONLY public.planet
    ADD CONSTRAINT planet_name_key UNIQUE (name);


--
-- Name: planet planet_pkey; Type: CONSTRAINT; Schema: public; Owner: freecodecamp
--

ALTER TABLE ONLY public.planet
    ADD CONSTRAINT planet_pkey PRIMARY KEY (planet_id);


--
-- Name: star star_name_key; Type: CONSTRAINT; Schema: public; Owner: freecodecamp
--

ALTER TABLE ONLY public.star
    ADD CONSTRAINT star_name_key UNIQUE (name);


--
-- Name: star star_pkey; Type: CONSTRAINT; Schema: public; Owner: freecodecamp
--

ALTER TABLE ONLY public.star
    ADD CONSTRAINT star_pkey PRIMARY KEY (star_id);


--
-- Name: moon moon_planet_id_fkey; Type: FK CONSTRAINT; Schema: public; Owner: freecodecamp
--

ALTER TABLE ONLY public.moon
    ADD CONSTRAINT moon_planet_id_fkey FOREIGN KEY (planet_id) REFERENCES public.planet(planet_id);


--
-- Name: planet planet_star_id_fkey; Type: FK CONSTRAINT; Schema: public; Owner: freecodecamp
--

ALTER TABLE ONLY public.planet
    ADD CONSTRAINT planet_star_id_fkey FOREIGN KEY (star_id) REFERENCES public.star(star_id);


--
-- Name: star star_galaxy_id_fkey; Type: FK CONSTRAINT; Schema: public; Owner: freecodecamp
--

ALTER TABLE ONLY public.star
    ADD CONSTRAINT star_galaxy_id_fkey FOREIGN KEY (galaxy_id) REFERENCES public.galaxy(galaxy_id);


--
-- PostgreSQL database dump complete
--

